City,Route Name (TR),Route Name (EN),Image URL,Stops,Stop Count
Istanbul,Tarihi Yarımada Mirası,Historic Peninsula Heritage,https://storage.googleapis.com/myway-3fe75.firebasestorage.app/routes/route_photo_33_bf6a6e64da0e.jpg,"Ayasofya, Sultanahmet Camii, Yerebatan Sarnıcı, Topkapı Sarayı, Kapalıçarşı, Mısır Çarşısı, Süleymaniye Camii",7
Istanbul,Boğaz & Saraylar Keyfi,Bosphorus & Palaces,https://storage.googleapis.com/myway-3fe75.firebasestorage.app/routes/route_photo_88_4976cb0e6db1.jpg,"Boğaz Turu, Dolmabahçe Sarayı, Ortaköy, Bebek, Galata Kulesi, Rumeli Hisarı",6
Istanbul,Kadıköy Lokal Hayat,Kadıköy Local Spirit,https://storage.googleapis.com/myway-3fe75.firebasestorage.app/routes/route_photo_99_f6cd10d3d204.jpg,"Kadıköy, Moda, Çiya Sofrası, Akmar Pasajı, Haydarpaşa Garı, Tellalzade Sokak",6
Istanbul,Sokak Lezzetleri Turu,Eternal Street Flavors,https://storage.googleapis.com/myway-3fe75.firebasestorage.app/routes/route_photo_26_1e38c772cbf3.jpg,"Mısır Çarşısı, Kapalıçarşı, Karaköy Güllüoğlu, Hafız Mustafa 1864, Tarihi Sultanahmet Köftecisi, Şehzade Cağ Kebap",6
Istanbul,Modern Sanat Rotası,Modern Art & Haliç,https://storage.googleapis.com/myway-3fe75.firebasestorage.app/routes/route_photo_46_aed14e46560e.jpg,"İstanbul Modern, Galata Kulesi, Balat, SALT Galata, Pera Müzesi, Tersane İstanbul",6
Istanbul,Beyoğlu Gece Hayatı,Beyoğlu Night Pulse,https://storage.googleapis.com/myway-3fe75.firebasestorage.app/routes/route_photo_90_fd58ffaa0f77.jpg,"İstiklal Caddesi, Galata Kulesi, Mikla, Asmalı Cavit, Babylon, Nevizade Sokak",6
Istanbul,Çarşılar & Baharatlar,Bazaars & Artisans,https://storage.googleapis.com/myway-3fe75.firebasestorage.app/routes/route_photo_31_47705dd9899e.jpg,"Kapalıçarşı, Mısır Çarşısı, Hafız Mustafa 1864, Arasta Çarşısı, Mahmutpaşa, Sahaflar Çarşısı",6
Istanbul,Adalar Kaçamağı,Princes' Islands Escape,https://storage.googleapis.com/myway-3fe75.firebasestorage.app/routes/route_photo_72_a487746e2470.jpg,"Kabataş İskelesi, Büyükada, Aya Yorgi Kilisesi, Büyükada Marina, Heybeliada, Dilburnu Tabiat Parkı",6
Istanbul,Kahve Avcılığı,Specialty Coffee Hunt,https://storage.googleapis.com/myway-3fe75.firebasestorage.app/routes/route_photo_10_85b2a283408c.jpg,"Petra Roasting, Kronotrop, Coffee Sapiens, MOC, Mandabatmaz, Federal Coffee",6
Istanbul,Gün Batımı Noktaları,Golden Hour Views,https://storage.googleapis.com/myway-3fe75.firebasestorage.app/routes/route_photo_93_4dc9ba4b368e.jpg,"Üsküdar Salacak, Galata Kulesi, Pierre Loti, Süleymaniye, Maidens Tower (Kız Kulesi), Sanatkarlar Parkı",6
Barcelona,Gotik & Born Labirenti,Gothic Quarter & Born Maze,https://storage.googleapis.com/myway-3fe75.firebasestorage.app/routes/route_photo_89_4e20eb109d8a.jpg,"Gothic Quarter, Plaça Reial, Las Ramblas, El Born, Museu Picasso, Santa Caterina Market",6
Barcelona,Gaudí'nin Hayal Rotası,Gaudí's Imaginative Path,https://storage.googleapis.com/myway-3fe75.firebasestorage.app/routes/route_photo_6_0eb6a2602df8.jpg,"Sagrada Familia, Casa Batlló, Casa Milà (La Pedrera), Park Güell, Casa Vicens",5
Barcelona,Deniz & Tuz Kokusu,Sea & Salt Breezes,https://storage.googleapis.com/myway-3fe75.firebasestorage.app/routes/route_photo_96_45f890a38613.jpg,"Barceloneta Beach, Barceloneta Mahallesi, Parc de la Ciutadella, Poblenou",4
Barcelona,El Born Şıklığı & Kültür,El Born Chic & Culture,https://storage.googleapis.com/myway-3fe75.firebasestorage.app/routes/route_photo_69_68b54418ba32.jpg,"Museu Picasso, El Born, Santa Caterina Market, Palau de la Música Catalana",4
Barcelona,Gracia Köy Havası,Gracia Village Vibes,https://storage.googleapis.com/myway-3fe75.firebasestorage.app/routes/route_photo_21_4ef501140861.jpg,"Gràcia, Park Güell, Casa Vicens",3
Barcelona,Tapas & Pazar Turu,Tapas & Market Trail,https://storage.googleapis.com/myway-3fe75.firebasestorage.app/routes/route_photo_17_a0f723a5473f.jpg,"La Boqueria, Santa Caterina Market, El Born, El Raval, Gràcia",5
Barcelona,Montjuïc Tepeleri,Montjuïc Heights,https://storage.googleapis.com/myway-3fe75.firebasestorage.app/routes/route_photo_55_900090f84888.jpg,"Montjuïc, MNAC, Fundació Joan Miró, Magic Fountain of Montjuïc",4
Barcelona,Raval Sokak Ruhu,Raval Street Spirit,https://storage.googleapis.com/myway-3fe75.firebasestorage.app/routes/route_photo_78_0a29a942fe24.jpg,"MACBA, El Raval, Las Ramblas",3
Barcelona,Romantik Masal,Romantic Fairytale,https://storage.googleapis.com/myway-3fe75.firebasestorage.app/routes/route_photo_8_158db484b4fc.jpg,"Bunkers del Carmel, Tibidabo, Parc del Laberint d'Horta, Parc de la Ciutadella, Magic Fountain of Montjuïc",5
Barcelona,Eixample Görkemi,Eixample Grandeur,https://storage.googleapis.com/myway-3fe75.firebasestorage.app/routes/route_photo_11_80274a290974.jpg,"Casa Batlló, Casa Milà (La Pedrera), Sant Pau Recinte Modernista",3
Paris,Paris İkonları,Parisian Landmarks,https://storage.googleapis.com/myway-3fe75.firebasestorage.app/routes/route_photo_67_ead25968001b.jpg,"Eyfel Kulesi, Trocadéro, Arc de Triomphe, Champs-Élysées, Place de la Concorde, Musée d'Orsay",6
Paris,Montmartre'ın Sanat Ruhu,Montmartre's Artistic Soul,https://storage.googleapis.com/myway-3fe75.firebasestorage.app/routes/route_photo_48_cbaa1b6dec35.jpg,"Montmartre, Sacré-Cœur Bazilikası, Place du Tertre, Moulin Rouge, Mur des Je t'aime, Musée de Montmartre",6
Paris,Le Marais Tüccar Tarihi,Le Marais Merchant History,https://storage.googleapis.com/myway-3fe75.firebasestorage.app/cities/paris/le_marais.jpg,"Le Marais, Place des Vosges, Rue des Rosiers, Museé Carnavalet, Saint-Paul-Saint-Louis, L'As du Fallafel",6
Paris,Sanat Maratonu,Art Immersion Marathon,https://storage.googleapis.com/myway-3fe75.firebasestorage.app/routes/route_photo_0_07607c15f585.jpg,"Louvre Müzesi, Musée d'Orsay, Musée de l'Orangerie, Centre Pompidou, Musée Rodin, Palais Royal",6
Paris,Gurme Paris Rotası,Gourmet Paris Trail,https://storage.googleapis.com/myway-3fe75.firebasestorage.app/routes/route_photo_51_be1a058d1665.jpg,"Marché d'Aligre, Rue Cler, Saint-Germain-des-Prés, Café de Flore, Canal Saint-Martin, Belleville",6
Paris,Adalar & Nehir Sırları,Islands & River Secrets,https://storage.googleapis.com/myway-3fe75.firebasestorage.app/routes/route_photo_60_5399dbd91a5e.jpg,"Notre-Dame Katedrali, Sainte-Chapelle, Pont Neuf, Pont Alexandre III, Shakespeare and Company, Île de la Cité",6
Paris,Latin Mahallesi Öğrenci Hayatı,Latin Quarter Scholarly Life,https://storage.googleapis.com/myway-3fe75.firebasestorage.app/routes/route_photo_65_8b8fe7766b61.jpg,"Sorbonne, Panthéon, Jardin du Luxembourg, Shakespeare and Company, Rue Mouffetard, Latin Quarter",6
Paris,Işıklar Şehri Gecesi,City of Lights Nocturne,https://storage.googleapis.com/myway-3fe75.firebasestorage.app/routes/route_photo_41_9a6c2a06d853.jpg,"Eyfel Kulesi, Pont Alexandre III, Moulin Rouge, Canal Saint-Martin, Notre-Dame Katedrali, Arc de Triomphe",6
Paris,Versay Kraliyet Kaçamağı,Versailles Royal Escape,https://storage.googleapis.com/myway-3fe75.firebasestorage.app/routes/route_photo_70_1e960c1fa6c6.jpg,"Palace of Versailles, Gardens of Versailles, Petit Trianon, Grand Trianon, Queen's Hamlet, Hall of Mirrors",6
Paris,Canal Saint-Martin ve Ötesi,Canal Saint-Martin & Beyond,https://storage.googleapis.com/myway-3fe75.firebasestorage.app/routes/route_photo_94_d0eef0992036.jpg,"Canal Saint-Martin, Belleville, Buttes-Chaumont Parkı, Le Marais, Place de la République, Bassin de la Villette",6
Rome,Antik İmparatorluk Yolu,Ancient Imperial Wonders,https://storage.googleapis.com/myway-3fe75.firebasestorage.app/routes/route_photo_28_f9996e9397f7.jpg,"Kolezyum, Roma Forumu, Palatino Tepesi (Palatine Hill), Altare della Patria (Vittoriano), Largo di Torre Argentina, Baths of Caracalla",6
Rome,Vatikan Başyapıtları,Vatican Masterpieces,https://storage.googleapis.com/myway-3fe75.firebasestorage.app/routes/route_photo_27_e8251a946240.jpg,"Vatikan Müzeleri, St. Peter's Basilica (San Pietro Bazilikası), Castel Sant'Angelo, Borgo, Villa Farnesina, Janiculum (Gianicolo)",6
Rome,Trastevere Bohem Gecesi,Trastevere Bohemian Night,https://storage.googleapis.com/myway-3fe75.firebasestorage.app/routes/route_photo_14_a082a4012e15.jpg,"Trastevere, Basilica di Santa Maria in Trastevere, Piazza Trilussa, Da Enzo al 29, Supplì Roma, Vicolo del Moro",6
Rome,Roma Gurme Lezzetler,Gourmet Roman Flavours,https://storage.googleapis.com/myway-3fe75.firebasestorage.app/routes/route_photo_73_5c8b38dd46bf.jpg,"Mercato di Testaccio, Roscioli, Campo de' Fiori, Da Enzo al 29, Mordi e Vai, Supplì Roma",6
Rome,Barok Meydanlar & Çeşmeler,Baroque Squares & Fountains,https://storage.googleapis.com/myway-3fe75.firebasestorage.app/routes/route_photo_13_dd658c7019cb.jpg,"Trevi Çeşmesi, Pantheon, Piazza Navona, Spanish Steps (İspanyol Merdivenleri), Piazza del Popolo, Piazza Venezia",6
Rome,Artizan Dondurma Yolu,Artisanal Gelato Trail,https://storage.googleapis.com/myway-3fe75.firebasestorage.app/routes/route_photo_66_3cdd57473cb5.jpg,"Giolitti, Frigidarium, Fatamorgana, Gelateria del Teatro, Old Bridge Gelateria, Come il Latte",6
Rome,Ebedi Şehir Ufukları,Eternal City Horizons,https://storage.googleapis.com/myway-3fe75.firebasestorage.app/routes/route_photo_3_563dd24e0407.jpg,"Knights of Malta Keyhole, Giardino degli Aranci, Pincio Tepesi, Janiculum (Gianicolo), Villa Borghese, Altare della Patria (Vittoriano)",6
Rome,Aperitivo Saati & Manzaralar,Aperitivo Hour & Views,https://storage.googleapis.com/myway-3fe75.firebasestorage.app/routes/route_photo_32_fadce2eed52a.jpg,"Hotel Raphael Terrace, Salotto 42, Etablì, Terrazza Borromini, Freni e Frizioni, Jerry Thomas Speakeasy",6
Rome,Yahudi Mahallesi Mirası,Jewish Ghetto Heritage,https://storage.googleapis.com/myway-3fe75.firebasestorage.app/routes/route_photo_42_2ea9f5fbc3c8.jpg,"Portico d'Ottavia, Great Synagogue, Nonna Betta, Turtle Fountain, Theatre of Marcellus, Campo de' Fiori",6
Rome,Erken Kuş Roma Turu,Early Bird's Rome,https://storage.googleapis.com/myway-3fe75.firebasestorage.app/routes/route_photo_13_dd658c7019cb.jpg,"Trevi Çeşmesi, Pantheon, Piazza Navona, İspanyol Merdivenleri, Piazza del Popolo, Castel Sant'Angelo",6
London,Kraliyet Londra Turu,Royal London Walk,https://storage.googleapis.com/myway-3fe75.firebasestorage.app/routes/route_photo_105_d71f8b45f6c3.jpg,"Buckingham Palace, Big Ben & Westminster, Tower Bridge, Hyde Park",4
London,Ücretsiz Müze Günü,Free Museum Day,https://storage.googleapis.com/myway-3fe75.firebasestorage.app/routes/route_photo_85_6c84d4c877fd.jpg,"British Museum, Natural History Museum, V&A Museum, Tate Modern",4
London,East End Sokak Sanatı,East End Street Art,https://storage.googleapis.com/myway-3fe75.firebasestorage.app/routes/route_photo_34_ba96372362cc.jpg,"Brick Lane, Shoreditch, Borough Market",3
London,South Bank Kültür Rotası,South Bank Culture,https://storage.googleapis.com/myway-3fe75.firebasestorage.app/routes/route_photo_29_37cbdc3c13db.jpg,"Tate Modern, Borough Market, Tower Bridge, St. Paul's Cathedral",4
London,Borough Market Turu,Borough & Beyond,https://storage.googleapis.com/myway-3fe75.firebasestorage.app/routes/route_photo_95_0c0d4ef9805a.jpg,"Borough Market, Maltby Street Market, The George Inn",3
London,Notting Hill Renkleri,Notting Hill Colors,https://storage.googleapis.com/myway-3fe75.firebasestorage.app/routes/route_photo_58_354d46c47f92.jpg,"Portobello Road Market, Notting Hill, Hyde Park",3
London,Tarihi Pub Turu,Historic Pub Crawl,https://storage.googleapis.com/myway-3fe75.firebasestorage.app/routes/route_photo_12_6bf25c0316f1.jpg,"Ye Olde Cheshire Cheese, The Lamb and Flag, Gordon's Wine Bar",3
London,Kraliyet Parkları,Royal Parks Escape,https://storage.googleapis.com/myway-3fe75.firebasestorage.app/routes/route_photo_36_d2054a672897.jpg,"Hyde Park, Notting Hill, Regent's Park",3
London,Ücretsiz Manzara Noktaları,Free Viewpoints,https://storage.googleapis.com/myway-3fe75.firebasestorage.app/routes/route_photo_45_7ad5e80a64fa.jpg,"Sky Garden, Tate Modern, Tower Bridge",3
London,Camden Alternatif Rota,Camden Alternative,https://storage.googleapis.com/myway-3fe75.firebasestorage.app/routes/route_photo_50_babdfe64744f.jpg,"Camden Market, Shoreditch, Brick Lane",3
Berlin,Soğuk Savaş Berlini,Cold War Berlin,https://storage.googleapis.com/myway-3fe75.firebasestorage.app/cities/berlin/berlin_duvari_aniti.jpg,"Berlin Duvarı Anıtı, Checkpoint Charlie, Topography of Terror, Tränenpalast, Holokost Anıtı, Potsdamer Platz, DDR Museum",7
Berlin,Kreuzberg Lokal Hayat,Kreuzberg Local Life,https://storage.googleapis.com/myway-3fe75.firebasestorage.app/routes/route_photo_64_937fe82a24bb.jpg,"Türkischer Markt, Markthalle Neun, Badeschiff, Victoriapark, Görlitzer Park, Oberbaumbrücke, Curry 36",7
Berlin,Müze Adası,Museum Island,https://storage.googleapis.com/myway-3fe75.firebasestorage.app/cities/berlin/muze_adasi.jpg,"Müze Adası, Neues Museum, Berliner Dom, Altes Museum, Bode Müzesi, Pergamon Müzesi, James Simon Galeri",7
Berlin,Döner & Currywurst Turu,Döner & Currywurst Trail,https://storage.googleapis.com/myway-3fe75.firebasestorage.app/cities/berlin/mustafas_gemuse_kebap.jpg,"Mustafa's Gemüse Kebap, Curry 36, Burgermeister, Markthalle Neun, Konnopke's Imbiss, Risa Chicken",6
Berlin,Gece Hayatı Girişi,Club Scene Intro,https://storage.googleapis.com/myway-3fe75.firebasestorage.app/cities/berlin/raw_gelande.jpg,"RAW-Gelände, Urban Spree, Berghain, Watergate, Tresor, Wilden Renate, Kater Blau",7
Berlin,Tempelhof Özgürlüğü,Tempelhof Freedom,https://storage.googleapis.com/myway-3fe75.firebasestorage.app/cities/berlin/tempelhof_park.jpg,"Tempelhof Park, Schillerkiez, Klunkerkranich, Körnerpark, Hasenheide, Bergmannkiez",6
Berlin,Pazar Günü Mauerpark,Sunday at Mauerpark,https://storage.googleapis.com/myway-3fe75.firebasestorage.app/cities/berlin/mauerpark.jpg,"Mauerpark, Prenzlauer Berg, Bernauer Strasse, Kulturbrauerei, Arkonaplatz Flea Market, Prater Biergarten",6
Berlin,Prenzlauer Berg Kahvaltısı,Prenzlauer Berg Brunch,https://storage.googleapis.com/myway-3fe75.firebasestorage.app/cities/berlin/prenzlauer_berg.jpg,"Prenzlauer Berg, Mauerpark, Kollwitzplatz, Kastanienallee, Rykestrasse Synagogue, Helmholtzplatz",6
Berlin,Yahudi Berlin,Jewish Berlin,https://storage.googleapis.com/myway-3fe75.firebasestorage.app/cities/berlin/holokost_aniti.jpg,"Holokost Anıtı, Jewish Museum, Topography of Terror, New Synagogue, Otto Weidt's Workshop, Gleis 17",6
Berlin,Sokak Sanatı Turu,Street Art Safari,https://storage.googleapis.com/myway-3fe75.firebasestorage.app/cities/berlin/east_side_gallery.jpg,"East Side Gallery, RAW Gelände, Urban Spree, Haus Schwarzenberg, Teufelsberg, Mauerpark Murals",6
Amsterdam,Altın Çağ Kanalları,Golden Age Canals,https://storage.googleapis.com/myway-3fe75.firebasestorage.app/routes/route_photo_56_41f150e87d0c.jpg,"Kanal Turu, Dam Meydanı, Begijnhof, Anne Frank Evi, Westerkerk, De 9 Straatjes",6
Amsterdam,Sanat & Başyapıtlar Yolu,Art & Masterpieces Trail,https://storage.googleapis.com/myway-3fe75.firebasestorage.app/routes/route_photo_15_651c61044bd3.jpg,"Rijksmuseum, Van Gogh Müzesi, Stedelijk Museum, Moco Museum, Vondelpark, Concertgebouw",6
Amsterdam,Jordaan Bohem Gezisi,Jordaan Bohemian Wander,https://storage.googleapis.com/myway-3fe75.firebasestorage.app/routes/route_photo_61_40f4aed3d424.jpg,"Jordaan, Anne Frank Evi, Winkel 43, Noordermarkt, Prinsengracht, Westerstraat",6
Amsterdam,Hollanda Lezzetleri & Pazarlar,Dutch Flavours & Markets,https://storage.googleapis.com/myway-3fe75.firebasestorage.app/routes/route_photo_1_fe811e66bd7d.jpg,"Albert Cuyp Markt, Foodhallen, Heineken Experience, Brouwerij 't IJ, Van Stapele, Winkel 43",6
Amsterdam,Yerel Gibi Bisiklet Turu,Bike Like a Local,https://storage.googleapis.com/myway-3fe75.firebasestorage.app/routes/route_photo_68_2d5d958d20e2.jpg,"Vondelpark, NDSM Wharf, A'DAM Lookout, Westerpark, IJ Ferry Cruise, Museumplein",6
Amsterdam,De Pijp Bohem Rotaları,De Pijp Bohemian Vibes,https://storage.googleapis.com/myway-3fe75.firebasestorage.app/routes/route_photo_19_47aa434a6272.jpg,"Albert Cuyp Markt, Sarphatipark, Gerard Douplein, Heineken Experience, Museumplein, Rijksmuseum",6
Amsterdam,Red Light & Gizli Cevherler,Red Light & Hidden Gems,https://storage.googleapis.com/myway-3fe75.firebasestorage.app/cities/amsterdam/red_light_district_de_wallen.jpg,"Red Light District, Nieuwmarkt, Rembrandtplein, Door 74, Tales & Spirits, SkyLounge Amsterdam",6
Amsterdam,Noord Endüstriyel Stil,Noord Industrial Cool,https://storage.googleapis.com/myway-3fe75.firebasestorage.app/cities/hongkong/mu.jpg,"EYE Filmmuseum, NDSM Wharf, A'DAM Lookout, Straat Museum, Pllek, IJ Ferry Cruise",6
Amsterdam,Amsterdam'ın Yeşil Bahçeleri,Amsterdam's Green Oases,https://storage.googleapis.com/myway-3fe75.firebasestorage.app/routes/route_photo_92_718fd760d92b.jpg,"Vondelpark, Hortus Botanicus, Oosterpark, Rembrandtpark, Westerpark, Beatrixpark",6
Amsterdam,Artizan Kahve & Kafeler,Artisanal Coffee & Cafes,https://storage.googleapis.com/myway-3fe75.firebasestorage.app/routes/route_photo_9_68fb5a366682.jpg,"Lot Sixty One Coffee, Coffee & Coconuts, Pluk, Winkel 43, De Laatste Kruimel, Hannekes Boom",6
NewYork,İkonik Manhattan,Iconic Manhattan,https://storage.googleapis.com/myway-3fe75.firebasestorage.app/routes/route_photo_16_f7740ba93d19.jpg,"Times Square, Empire State Building, Central Park, Rockefeller Center",4
NewYork,Brooklyn Köprüsü,Brooklyn Bridge & DUMBO,https://storage.googleapis.com/myway-3fe75.firebasestorage.app/routes/route_photo_4_d08de5b5755a.jpg,"Brooklyn Bridge, DUMBO, Pebble Beach, Time Out Market, Brooklyn Bridge Park, Grimaldi's",6
NewYork,High Line Parkuru,High Line & Chelsea,https://storage.googleapis.com/myway-3fe75.firebasestorage.app/routes/route_photo_30_ab8b1e3d6ad0.jpg,"High Line, Chelsea Market, Little Island, Whitney Museum",4
NewYork,NY Yemek Turu,NYC Food Crawl,https://storage.googleapis.com/myway-3fe75.firebasestorage.app/routes/route_photo_24_123e054ad350.jpg,"Joe's Pizza, Katz's Delicatessen, Ess-a-Bagel, Junior's",4
NewYork,Müze Rotası,Museum Mile,https://storage.googleapis.com/myway-3fe75.firebasestorage.app/routes/route_photo_25_b20418c90853.jpg,"Metropolitan Museum, MoMA, Guggenheim, Neue Galerie",4
NewYork,Williamsburg,Williamsburg Hipster,https://storage.googleapis.com/myway-3fe75.firebasestorage.app/routes/route_photo_76_959be52e6cc7.jpg,"Bedford Avenue, Smorgasburg, Domino Park",3
NewYork,Gökdelen Manzaraları,Skyline Views,https://storage.googleapis.com/myway-3fe75.firebasestorage.app/routes/route_photo_7_4da1cace1dc8.jpg,"Top of the Rock, SUMMIT One Vanderbilt, Brooklyn Promenade",3
NewYork,Broadway Gecesi,Broadway & Nightlife,https://storage.googleapis.com/myway-3fe75.firebasestorage.app/routes/route_photo_97_c9d270445613.jpg,"Broadway Theater District, 230 Fifth Rooftop, Blue Note",3
NewYork,Central Park Keşfi,Central Park Deep Dive,https://storage.googleapis.com/myway-3fe75.firebasestorage.app/routes/route_photo_81_e90a64c74a6c.jpg,"Bethesda Fountain, The Ramble, Belvedere Castle",3
NewYork,SoHo Alışverişi,SoHo Shopping,https://storage.googleapis.com/myway-3fe75.firebasestorage.app/routes/route_photo_62_f641e83684c1.jpg,"Broadway SoHo, Greene Street, Nolita",3
Tokyo,Tokyo Temelleri,Tokyo Essentials,https://storage.googleapis.com/myway-3fe75.firebasestorage.app/routes/route_photo_23_349502cf700d.jpg,"Shibuya Crossing, Hachiko Statue, Meiji Shrine, Yoyogi Park, Senso-ji Temple, Tokyo Tower",6
Tokyo,Ramen Rotası,Ramen Pilgrimage,https://storage.googleapis.com/myway-3fe75.firebasestorage.app/routes/route_photo_53_c6ec9d7690bc.jpg,"Ichiran Ramen, Afuri Ramen (Yuzu Ramen), Fuunji (Tsukemen), Ramen Street (Tokyo Station), Rokurinsha, Nakiryu (Michelin Star)",6
Tokyo,Akihabara Geek Turu,Akihabara Geek Tour,https://storage.googleapis.com/myway-3fe75.firebasestorage.app/routes/route_photo_54_e745cc8c71c5.jpg,"Akihabara Electric Town, Mandarake Complex, Yodobashi Camera, Radio Kaikan, Super Potato (Retro Games), Maid Cafe",6
Tokyo,Shibuya & Harajuku,Shibuya & Harajuku,https://storage.googleapis.com/myway-3fe75.firebasestorage.app/routes/route_photo_80_c6e351c137a4.jpg,"Shibuya Crossing, Miyashita Park, Takeshita Street, Cat Street, Omotesando",5
Tokyo,Tsukiji Pazar,Tsukiji Outer Market,https://storage.googleapis.com/myway-3fe75.firebasestorage.app/routes/route_photo_74_7ece1d166382.jpg,"Tsukiji Outer Market, Sushizanmai Main Branch, Tamagoyaki shops, Tsukiji Hongwanji Temple, Kitsuneya (Beef Bowls)",5
Tokyo,Shinjuku Gecesi,Shinjuku Night,https://storage.googleapis.com/myway-3fe75.firebasestorage.app/routes/route_photo_84_9d50396aa03a.jpg,"Kabukicho, Golden Gai, Omoide Yokocho (Piss Alley), Shinjuku Gyoen National Garden, Hanazono Shrine, Tokyo Metropolitan Govt Building",6
Tokyo,TeamLab Dijital Sanat,TeamLab Digital Art,https://storage.googleapis.com/myway-3fe75.firebasestorage.app/routes/route_photo_18_c80ee539f623.jpg,"TeamLab Planets TOYOSU, TeamLab Borderless (Azabudai Hills), Mori Art Museum, Tokyo City View, Roppongi Hills",5
Tokyo,Shimokitazawa,Shimokitazawa Vintage,https://storage.googleapis.com/myway-3fe75.firebasestorage.app/routes/route_photo_100_c85c5f25d737.jpg,"Shimokitazawa Station, Vintage Clothing Shops, Basement Bar (Live Music), Shirohige’s Cream Puff Factory, Setagaya Park",5
Tokyo,Konbini Turu,Konbini Food Tour,https://storage.googleapis.com/myway-3fe75.firebasestorage.app/routes/route_photo_102_70fac3d60aee.jpg,"7-Eleven, Lawson, Family Mart",3
Tokyo,Eski Tokyo Asakusa,Old Tokyo Asakusa,https://storage.googleapis.com/myway-3fe75.firebasestorage.app/routes/route_photo_82_cd622bd22762.jpg,"Senso-ji Temple, Nakamise Street, Kaminarimon Gate",3
Sevilla,Sevilla'nın Tarihi Kalbi,Historic Heart of Seville,https://storage.googleapis.com/myway-3fe75.firebasestorage.app/routes/route_photo_44_1d53c785d361.jpg,"Real Alcázar, Catedral & Giralda, Plaza de España, Plaza del Cabildo, Archivo de Indias, Santa Cruz Neighborhood, Hospital de los Venerables, Jardines de Murillo",8
Sevilla,Triana & Nehir Keyfi,Triana & River Vibes,https://storage.googleapis.com/myway-3fe75.firebasestorage.app/cities/sevilla/triana.jpg,"Triana, Torre del Oro, Mercado Lonja del Barranco, Castillo de San Jorge, Calle Betis, Puente de Isabel II, Mercado de Triana",7
Sevilla,Modern Sevilla & Parklar,Modern Seville & Parks,https://storage.googleapis.com/myway-3fe75.firebasestorage.app/cities/sevilla/metropol_parasol_las_setas.jpg,"Metropol Parasol (Las Setas), Plaza de España, Torre Sevilla, Maria Luisa Park, Pabellón de la Navegación, CaixaForum Sevilla, Puente de la Barqueta",7
Sevilla,Otantik Tapas Turu,Authentic Tapas Crawl,https://storage.googleapis.com/myway-3fe75.firebasestorage.app/routes/route_photo_2_ce590176e001.jpg,"Bodega Santa Cruz (Las Columnas), Eslava, El Rinconcillo, Casa Morales, Las Teresas, Mercado de la Encarnación, Cañabota",7
Madrid,Kraliyet Madrid İkonları,Imperial Madrid Landmarks,https://storage.googleapis.com/myway-3fe75.firebasestorage.app/cities/madrid/palacio_real.jpg,"Palacio Real, Plaza Mayor, Puerta del Sol, Gran Vía, Plaza de Cibeles, Templo de Debod",6
Madrid,Sanat Üçgeni Başyapıtları,Art Triangle Masterpieces,https://storage.googleapis.com/myway-3fe75.firebasestorage.app/routes/route_photo_47_a5f48b322403.jpg,"Prado Müzesi, Reina Sofía Müzesi, Thyssen-Bornemisza, Retiro Parkı, CaixaForum, Atocha",6
Madrid,Kraliyet & Tarihi Madrid,Royal & Historic Madrid,https://storage.googleapis.com/myway-3fe75.firebasestorage.app/routes/route_photo_101_ac38dc5796e7.jpg,"Palacio Real, Jardines de Sabatini, Plaza de la Villa, Teatro Real, Plaza de España, Templo de Debod",6
Madrid,Retiro Parkı & Şehir İkonları,Retiro Park & City Icons,https://storage.googleapis.com/myway-3fe75.firebasestorage.app/routes/route_photo_103_2d857e5bef56.jpg,"Retiro Parkı, Puerta de Alcalá, Plaza de Cibeles, Gran Vía, Círculo de Bellas Artes, Edificio Metrópolis",6
Madrid,Eski Madrid'in Tapas Lezzetleri,Tapas & Flavours of Old Madrid,https://storage.googleapis.com/myway-3fe75.firebasestorage.app/routes/route_photo_87_61aeada8c835.jpg,"Mercado de San Miguel, La Latina, El Rastro, Chocolatería San Ginés, Casa Labra, Sobrino de Botín, Casa Lucio",7
Florence,Rönesans Başyapıtları,Renaissance Masterpieces,https://storage.googleapis.com/myway-3fe75.firebasestorage.app/routes/route_photo_98_d84aee96b2c5.jpg,"Duomo (Santa Maria del Fiore), Uffizi Galerisi, Accademia Galerisi, Palazzo Vecchio",4
Florence,Oltrarno Keşfi,Oltrarno Discovery,https://storage.googleapis.com/myway-3fe75.firebasestorage.app/routes/route_photo_43_5af81c975d0a.jpg,"Ponte Vecchio, Palazzo Pitti, Boboli Bahçeleri, Piazzale Michelangelo, San Miniato al Monte",5
Florence,Lokal Lezzet & Pazarlar,Local Flavor & Markets,https://storage.googleapis.com/myway-3fe75.firebasestorage.app/routes/route_photo_77_df3e17678144.jpg,"Mercato Centrale, Mercato di Sant'Ambrogio, Vivoli, San Lorenzo Pazarı",4
Florence,Kutsal Floransa,Sacred Florence,https://storage.googleapis.com/myway-3fe75.firebasestorage.app/routes/route_photo_79_6a9a8e501e0d.jpg,"Santa Maria Novella, Santa Croce Bazilikası, Museo San Marco, Cappelle Medicee",4
Athens,Antik İhtişam,Ancient Glory,https://storage.googleapis.com/myway-3fe75.firebasestorage.app/routes/route_photo_86_c8e30c3ff1f7.jpg,"Akropolis, Parthenon, Akropolis Müzesi, Odeon of Herodes Atticus",4
Athens,Tarihi Mahalleler,Historic Neighborhoods,https://storage.googleapis.com/myway-3fe75.firebasestorage.app/routes/route_photo_37_ac91d5383bf8.jpg,"Plaka, Anafiotika, Monastiraki, Hadrian's Library",4
Athens,Agoralar & Antik Pazarlar,Agoras & Ancient Markets,https://storage.googleapis.com/myway-3fe75.firebasestorage.app/routes/route_photo_59_773c97a627dc.jpg,"Antik Agora, Hephaistos Tapınağı, Roman Agora, Areopagus Hill (Mars Hill)",4
Athens,Tepeler & Manzaralar,Heights & Views,https://storage.googleapis.com/myway-3fe75.firebasestorage.app/routes/route_photo_40_cadfa55fbc1a.jpg,"Lykavittos Tepesi, Filopappos Tepesi, Syntagma Meydanı",3
Dubai,Dubai İkonları,Dubai Icons & Superlatives,https://storage.googleapis.com/myway-3fe75.firebasestorage.app/cities/dubai/burj_khalifa.jpg,"Burj Khalifa, Dubai Mall, Dubai Fountain, Dubai Opera, Souk Al Bahar",5
Dubai,Eski Dubai Mirası,Old Dubai Heritage Walk,https://storage.googleapis.com/myway-3fe75.firebasestorage.app/cities/dubai/old_dubai_deira.jpg,"Old Dubai - Deira, Gold Souk, Spice Souk, Dubai Creek, Al Fahidi Historical District, Al Seef",6
Dubai,Plaj & Marina Hayatı,Beach & Marina Life,https://storage.googleapis.com/myway-3fe75.firebasestorage.app/cities/dubai/jbr_beach.jpg,"JBR Beach, Dubai Marina, La Mer, Aura Skypool, The View at The Palm",5
Dubai,Lüks & Gösteriş,Luxury & Extravagance,https://storage.googleapis.com/myway-3fe75.firebasestorage.app/cities/dubai/burj_al_arab.jpg,"Burj Al Arab, Palm Jumeirah, Atlantis Aquaventure, Madinat Jumeirah, The View at The Palm",5
Dubai,Gelecek & İnovasyon,Future & Innovation,https://storage.googleapis.com/myway-3fe75.firebasestorage.app/cities/dubai/museum_of_the_future.jpg,"Museum of the Future, Dubai Frame, Deep Dive Dubai, Ski Dubai, IMG Worlds of Adventure",5
Dubai,Çöl Safari Macerası,Desert Safari Adventure,https://storage.googleapis.com/myway-3fe75.firebasestorage.app/cities/dubai/global_village.jpg,"Dubai Desert Conservation Reserve, Dune Bashing & Camel Rides, Global Village, Miracle Garden, Dragon Mart",5
Lisbon,Lizbon Klasikleri,Lisbon Essential Icons,https://storage.googleapis.com/myway-3fe75.firebasestorage.app/cities/lizbon/belem_kulesi.jpg,"Belém Kulesi, Jerónimos Manastırı, Padrão dos Descobrimentos, Pastéis de Belém, Tramvay 28",5
Lisbon,Alfama Ruhu & Fado,Alfama Soul & Fado,https://storage.googleapis.com/myway-3fe75.firebasestorage.app/cities/lizbon/alfama.jpg,"Alfama, Castelo de São Jorge, Miradouro da Senhora do Monte, Miradouro da Graça, Feira da Ladra",5
Lisbon,Manzara Noktaları,Miradouros & Views,https://storage.googleapis.com/myway-3fe75.firebasestorage.app/cities/lizbon/miradouro_da_senhora_do_monte.jpg,"Miradouro da Senhora do Monte, Miradouro da Graça, Elevador de Santa Justa, Ponte 25 de Abril, Basílica da Estrela",5
Lisbon,Pastéis & Petiscos Turu,Pastéis & Petiscos Trail,https://storage.googleapis.com/myway-3fe75.firebasestorage.app/cities/lizbon/pasteis_de_belem.jpg,"Pastéis de Belém, Time Out Market, Mercado da Ribeira, Cervejaria Ramiro, Ginjinha",5
Lisbon,LX Factory & Trend Noktalar,LX Factory & Cool Spots,https://storage.googleapis.com/myway-3fe75.firebasestorage.app/cities/lizbon/lx_factory.jpg,"LX Factory, Príncipe Real, Bairro Alto, Pink Street, MAAT",5
Lisbon,Azulejo Sanat Yolculuğu,Azulejo Art Journey,https://storage.googleapis.com/myway-3fe75.firebasestorage.app/cities/lizbon/museu_nacional_do_azulejo.jpg,"Museu Nacional do Azulejo, Alfama, Convento do Carmo, Casa do Alentejo, Chiado",5
Prague,Prag Kalesi & Eski Şehir,Prague Castle & Old Town,https://storage.googleapis.com/myway-3fe75.firebasestorage.app/cities/lucerne/old_town_squares.jpg,"Prague Castle, St. Vitus Cathedral, Golden Lane, Charles Bridge, Old Town Square, Astronomical Clock",6
Prague,Yahudi Mahallesi & Tarih,Jewish Quarter & History,https://storage.googleapis.com/myway-3fe75.firebasestorage.app/cities/istanbul/arter.jpg,"Jewish Quarter (Josefov), Franz Kafka Museum, Old Town Square, Tyn Church",4
Prague,Çek Bira Haccı,Czech Beer Pilgrimage,https://storage.googleapis.com/myway-3fe75.firebasestorage.app/cities/marsilya/f.jpg,"U Fleků, Lokál Dlouhááá, Kantýna, Havelska Koruna",4
Prague,Tarihi Kafeler & Kültür,Historic Cafés & Culture,https://storage.googleapis.com/myway-3fe75.firebasestorage.app/cities/marsilya/f.jpg,"Cafe Louvre, Cafe Savoy, Kavárna Slavia, National Gallery, Dancing House",5
Prague,Gece Prag,Prague After Dark,https://storage.googleapis.com/myway-3fe75.firebasestorage.app/cities/lucerne/old_town_squares.jpg,"Hemingway Bar, Old Town Square, Charles Bridge, Venceslas Square",4
Prague,Panoramik Prag,Panoramic Prague,https://storage.googleapis.com/myway-3fe75.firebasestorage.app/cities/prag/petrin-tower.jpg,"Petrin Hill, Vyšehrad, Charles Bridge, Prague Castle",4
Vienna,İmparatorluk Viyana'sı,Imperial Vienna,https://storage.googleapis.com/myway-3fe75.firebasestorage.app/cities/marsilya/f.jpg,"Schönbrunn Palace, Hofburg, Vienna State Opera, Rathaus, Graben",5
Vienna,Sanat & Müzeler Rotası,Art & Museums Mile,https://storage.googleapis.com/myway-3fe75.firebasestorage.app/cities/hongkong/mu.jpg,"Belvedere Museum, Kunsthistorisches Museum, Albertina, Mozarthaus Vienna",4
Vienna,Viyana Kahve Evi Turu,Viennese Coffee House Tour,https://storage.googleapis.com/myway-3fe75.firebasestorage.app/cities/marakes/cafe_central_palace.jpg,"Cafe Central, Cafe Sacher, Cafe Sperl, Demel, Chiado",5
Vienna,Klasik Müzik Mirası,Classical Music Heritage,https://storage.googleapis.com/myway-3fe75.firebasestorage.app/cities/hongkong/mu.jpg,"Musikverein, Vienna State Opera, Mozarthaus Vienna, St. Stephen's Cathedral, Stadtpark",5
Vienna,Şnitzel & Naschmarkt,Schnitzel & Naschmarkt,https://storage.googleapis.com/myway-3fe75.firebasestorage.app/cities/marsilya/f.jpg,"Naschmarkt, Figlmüller, Plachutta, Zum Schwarzen Kameel, Steirereck",5
Vienna,Yeşil Viyana & Prater,Green Vienna & Prater,https://maps.googleapis.com/maps/api/place/photo?maxwidth=800&photo_reference=AZLasHqht8C8K6-nfxETO4ot6iCblYiL7L6uc0Y-UtZJtjqhihzyAdH7NhNpvUtEJ_p_ZSbZUez3Mwgl-TWdUmOTX_2aJoS94c7OJF_QlQJpRyDMq55BPrdV4mtFIs9PS2be30tJYpR8UEs9lW33prh2G0sHRzlz-HlPu8b7aFveihcgQ5EwmihJ_JEBq_7CiqV0wamHYmrKYZVvw8FPpTX96lmjuYuiFFgamGu5w97hwIFpVcuF48a1LwV_VLbJaGuHVDOdwBR7nJTVp8afL03Sxa7oEF7OHOm00OmUuluy8RqBM13iqMR82oWFFL2h3dO1hGiqiek5x7YlXSy8mm-GIEhQXt-3YrGyT4lYHaRad7DGYLf1lMKNQJvXUZpqpQhO7CFFmB5AEElK8NltB3jtKYug1HOAG0uZEujEBb9vIFNsNHHmQUCJiycviQoz9c3DwnntEyEagRch5AnHXVmL202hN839ShQHYt9NBewlHIY74dzMYbNcZKUYJ_-Y7kbuddmVWpTE72J1Uq2ZPEHtnxGpHHR7whJNs-CdaXALueJbj0ewNlraTI00rXSZAy_SwXBc_b65&key=AIzaSyBOXbf-5v4aXyEYgciwX4EfPYAGXX6Yy9g,"Prater Park, Stadtpark, Volksgarten, Schönbrunn Palace",4
Porto,Porto Klasikleri,Porto Essentials,https://storage.googleapis.com/myway-3fe75.firebasestorage.app/cities/porto/ribeira.jpg,"Ribeira, Dom Luís I Köprüsü, São Bento Tren İstasyonu, Clérigos Kulesi, Sé do Porto (Katedral)",5
Porto,Port Şarabı Mahzenleri,Port Wine Cellars,https://storage.googleapis.com/myway-3fe75.firebasestorage.app/cities/porto/vila_nova_de_gaia_port_mahzenleri.jpg,"Vila Nova de Gaia - Port Mahzenleri, Teleferico de Gaia, WOW (World of Wine), Dom Luís I Köprüsü",4
Porto,Francesinha & Yerel Tatlar,Francesinha & Local Bites,https://storage.googleapis.com/myway-3fe75.firebasestorage.app/cities/porto/cafe_santiago.jpg,"Café Santiago, Mercado do Bolhão, Manteigaria, Cais da Ribeira, Matosinhos",5
Porto,Azulejo & Sokak Sanatı,Azulejos & Street Art,https://storage.googleapis.com/myway-3fe75.firebasestorage.app/cities/porto/capela_das_almas.jpg,"Capela das Almas, Livraria Lello, Igreja do Carmo & Carmelitas, Street Art Porto, Rua das Flores",5
Porto,Manzara & Günbatımı,Miradouros & Sunsets,https://storage.googleapis.com/myway-3fe75.firebasestorage.app/cities/porto/jardins_do_palacio_de_cristal.jpg,"Jardins do Palácio de Cristal, Miradouro da Vitória, Dom Luís I Köprüsü, Foz do Douro",4
Porto,Atlantik Sahili & Foz,Atlantic Coast & Foz,https://storage.googleapis.com/myway-3fe75.firebasestorage.app/cities/porto/foz_do_douro.jpg,"Foz do Douro, Matosinhos, Praia do Carneiro, Jardins do Palácio de Cristal",4
Budapest,Buda Kalesi & Tarihi Tepeler,Buda Castle & Historic Hills,https://storage.googleapis.com/myway-3fe75.firebasestorage.app/cities/budapeste/buda_kalesi.jpg,"Buda Kalesi, Balıkçı Kalesi, Matthias Kilisesi, Gellért Tepesi, Zincir Köprüsü",5
Budapest,Termal Hamam Turu,Thermal Baths Journey,https://storage.googleapis.com/myway-3fe75.firebasestorage.app/cities/budapeste/szechenyi_termal_hamami.jpg,"Széchenyi Termal Hamamı, Gellért Hamamı, Rudas Hamamı, Vajdahunyad Kalesi",4
Budapest,Harabe Barlar & Yahudi Mahallesi,Ruin Bars & Jewish Quarter,https://storage.googleapis.com/myway-3fe75.firebasestorage.app/cities/budapeste/szimpla_kert.jpg,"Szimpla Kert, Instant-Fogas Complex, Dohány Synagogu, Gettó Gulyás",4
Budapest,Macar Lezzetleri,Hungarian Flavors,https://storage.googleapis.com/myway-3fe75.firebasestorage.app/cities/budapeste/merkez_pazar.jpg,"Merkez Pazar, Gettó Gulyás, Retró Lángos Büfé, New York Café",4
Budapest,Tuna Sahili Yürüyüşü,Danube Promenade,https://storage.googleapis.com/myway-3fe75.firebasestorage.app/cities/budapeste/parlamento.jpg,"Parlamento, Shoes on the Danube, Zincir Köprüsü, Tuna Nehir Gezisi, Margaret Island (Margitsziget)",5
Budapest,Karanlık Tarih & Anıtlar,Dark History & Memorials,https://storage.googleapis.com/myway-3fe75.firebasestorage.app/cities/budapeste/house_of_terror.jpg,"House of Terror, Hospital in the Rock, Memento Park, Dohány Synagogu",4
Bangkok,Tapınak & Saray İhtişamı,Temple & Palace Grandeur,https://storage.googleapis.com/myway-3fe75.firebasestorage.app/cities/bangkok/grand_palace.jpg,"Grand Palace, Wat Pho, Wat Arun, Wat Saket (Golden Mount), Wat Traimit (Golden Buddha)",5
Bangkok,Sokak Yemekleri Safarisi,Street Food Safari,https://storage.googleapis.com/myway-3fe75.firebasestorage.app/cities/bangkok/chinatown_yaowarat.jpg,"Chinatown (Yaowarat), Jodd Fairs, Pak Khlong Talat, Chatuchak Pazarı",4
Bangkok,Chao Phraya Nehir Hayatı,Chao Phraya River Life,https://storage.googleapis.com/myway-3fe75.firebasestorage.app/cities/bangkok/chao_phraya_nehri_teknesi.jpg,"Chao Phraya Nehri Teknesi, Floating Market, Wat Arun, Asiatique The Riverfront",4
Bangkok,Gece Bangkok,Bangkok After Dark,https://storage.googleapis.com/myway-3fe75.firebasestorage.app/cities/bangkok/rooftop_barlar.jpg,"Rooftop Barlar, Khao San Road, Soi Cowboy, Mahanakhon SkyWalk",4
Bangkok,Alışveriş Cenneti,Shopping Paradise,https://storage.googleapis.com/myway-3fe75.firebasestorage.app/cities/bangkok/chatuchak_pazari.jpg,"Chatuchak Pazarı, MBK Center, Terminal 21 Asok, ICONSIAM, Siam Paragon",5
Bangkok,Tai Masajı & Wellness,Thai Massage & Wellness,https://storage.googleapis.com/myway-3fe75.firebasestorage.app/cities/bangkok/thai_masaj.jpg,"Thai Masaj, Wat Pho, Lumpini Park, Wat Benchamabophit",4
Singapore,Singapur İkonları,Singapore Iconic Landmarks,https://storage.googleapis.com/myway-3fe75.firebasestorage.app/cities/singapur/gardens_by_the_bay.jpg,"Gardens by the Bay, Marina Bay Sands, Merlion Park, Helix Bridge, ArtScience Museum, Spectra Light Show, Supertree Grove",7
Singapore,Hawker Yemek Macerası,Hawker Food Adventure,https://storage.googleapis.com/myway-3fe75.firebasestorage.app/cities/singapur/hawker_centre.jpg,"Lau Pa Sat Hawker Centre, Maxwell Food Centre, Chinatown Complex Food Centre, Old Airport Road Food Centre, Ya Kun Kaya Toast (Amoy St)",5
Singapore,Kültürel Mahalleler,Cultural Neighborhoods,https://storage.googleapis.com/myway-3fe75.firebasestorage.app/cities/bangkok/chinatown_yaowarat.jpg,"Chinatown, Little India, Haji Lane, Sultan Mosque, Buddha Tooth Relic Temple, Sri Mariamman Temple, Arab Street",7
Singapore,Yeşil Singapur,Green Singapore,https://storage.googleapis.com/myway-3fe75.firebasestorage.app/cities/singapur/singapore_botanic_gardens.jpg,"Singapore Botanic Gardens, Gardens by the Bay, MacRitchie Reservoir, Fort Canning Park, Sungei Buloh Wetland Reserve",5
Singapore,Sentosa Adası Eğlencesi,Sentosa Island Fun,https://storage.googleapis.com/myway-3fe75.firebasestorage.app/cities/singapur/sentosa_island.jpg,"Sentosa Island, Universal Studios Singapore, S.E.A. Aquarium, Skyline Luge Sentosa, Siloso Beach, Wings of Time Show",6
Singapore,Gece Singapur,Singapore After Dark,https://storage.googleapis.com/myway-3fe75.firebasestorage.app/cities/singapur/gardens_by_the_bay.jpg,"Gardens by the Bay, Marina Bay Sands, Clarke Quay, Night Safari",4
Copenhagen,Kopenhag Klasikleri,Copenhagen Essentials,https://storage.googleapis.com/myway-3fe75.firebasestorage.app/cities/oslo/stroget.jpg,"Nyhavn, Tivoli Bahçeleri, Küçük Deniz Kızı, Amalienborg Sarayı, Strøget",5
Copenhagen,Danimarka Tasarımı & Mimarisi,Danish Design & Architecture,https://storage.googleapis.com/myway-3fe75.firebasestorage.app/cities/hongkong/mu.jpg,"Designmuseum Danmark, Hay House, Illums Bolighus, CopenHill (Amager Bakke), Superkilen Parkı",5
Copenhagen,Hygge & Kahve Kültürü,Hygge & Coffee Culture,https://storage.googleapis.com/myway-3fe75.firebasestorage.app/cities/marsilya/the_coffee.jpg,"The Coffee Collective, Democratic Coffee, Atelier September, Andersen Bakery, Hart Bageri",5
Copenhagen,Yeni İskandinav Mutfağı,New Nordic Cuisine,https://storage.googleapis.com/myway-3fe75.firebasestorage.app/cities/marsilya/f.jpg,"Torvehallerne, Reffen Street Food, Gasoline Grill, Hija de Sanchez, WarPigs",5
Copenhagen,Kraliyet Kopenhag,Royal Copenhagen,https://storage.googleapis.com/myway-3fe75.firebasestorage.app/cities/strazburg/christian.jpg,"Amalienborg Sarayı, Rosenborg Kalesi, Christiansborg Sarayı, Mermer Kilise (Frederiks Kirke), Kastellet",5
Copenhagen,Alternatif Kopenhag,Alternative Copenhagen,https://storage.googleapis.com/myway-3fe75.firebasestorage.app/cities/strazburg/christian.jpg,"Freetown Christiania, Superkilen Parkı, Reffen Street Food, CopenHill (Amager Bakke)",4
Marrakech,Medina & Çarşı Labirenti,Medina & Souks Maze,https://storage.googleapis.com/myway-3fe75.firebasestorage.app/cities/marakes/jemaa_el_fna.jpg,"Jemaa el-Fna, Souk Semmarine, Rahba Kedima Square (Spice Square), Tanneries, Ben Youssef Medersa",5
Marrakech,Saraylar & Bahçeler,Palaces & Gardens,https://storage.googleapis.com/myway-3fe75.firebasestorage.app/cities/marakes/bahia_sarayi.jpg,"Bahia Sarayı, Majorelle Bahçesi, Musée Yves Saint Laurent, Secret Garden, Menara Gardens",5
Marrakech,Fas Lezzetleri,Moroccan Flavors,https://storage.googleapis.com/myway-3fe75.firebasestorage.app/cities/marakes/al_fassia.jpg,"Al Fassia, Cafés des Épices, Rooftop Kafeler, Cooking Class, Jemaa el-Fna",5
Marrakech,Tarihi Anıtlar,Historic Monuments,https://storage.googleapis.com/myway-3fe75.firebasestorage.app/cities/marakes/koutoubia_camii.jpg,"Koutoubia Camii, Saadian Tombs, Ben Youssef Medersa, Dar el Bacha (Musée des Confluences), El Badi Palace",5
Marrakech,Hamam & Wellness,Hammam & Wellness,https://storage.googleapis.com/myway-3fe75.firebasestorage.app/cities/marakes/les_bains_de_marrakech.png,"Les Bains de Marrakech, El Fenn, Heritage Spa, La Mamounia Garden Spa, Hammam de la Rose",5
Marrakech,Çöl & Dağlar,Desert & Mountains,https://storage.googleapis.com/myway-3fe75.firebasestorage.app/cities/marakes/agafay_colu.jpg,"Agafay Çölü, Atlas Dağları Günübirlik, Essaouira Günübirlik, Ouzoud Waterfalls",4
Naples,Napoli Klasikleri,Naples Essentials,https://storage.googleapis.com/myway-3fe75.firebasestorage.app/cities/napoli/spaccanapoli.jpg,"Spaccanapoli, Napoli Sotterranea, Castel dell'Ovo, Piazza del Plebiscito, Castel Nuovo",5
Naples,Pizza Hacıları,The Pizza Pilgrimage,https://storage.googleapis.com/myway-3fe75.firebasestorage.app/cities/napoli/pizzeria_da_michele.jpg,"Pizzeria Da Michele, Gino Sorbillo Pizzeria, Pintauro, Passione di Sofi",4
Naples,Maradona & İspanyol Mahallesi,Maradona & Spanish Quarter,https://storage.googleapis.com/myway-3fe75.firebasestorage.app/cities/napoli/quartieri_spagnoli.jpg,"Quartieri Spagnoli, Maradona Mural, Via Toledo",3
Naples,Pompei & Vezüv (Günübirlik),Pompeii & Vesuvius (Day Trip),https://storage.googleapis.com/myway-3fe75.firebasestorage.app/cities/napoli/pompei.jpg,"Pompei, Mount Vesuvius, Herculaneum",3
Naples,Körfez Manzaraları,Views of the Gulf,https://storage.googleapis.com/myway-3fe75.firebasestorage.app/cities/napoli/castel_santelmo.jpg,"Castel Sant'Elmo, Certosa di San Martino, Lungomare Caracciolo, Posillipo",4
Naples,Amalfi & Capri (Günübirlik),Amalfi & Capri (Day Trip),https://storage.googleapis.com/myway-3fe75.firebasestorage.app/cities/napoli/amalfi_coast.jpg,"Amalfi Coast, Capri, Positano, Sorrento",4
Milan,Milano İkonları & Duomo,Milan Icons & Duomo,https://storage.googleapis.com/myway-3fe75.firebasestorage.app/cities/floransa/duomo_santa_maria_del_fiore.jpg,"Duomo di Milano, Galleria Vittorio Emanuele II, La Scala, Castello Sforzesco, Museo del Novecento",5
Milan,Da Vinci & Güzel Sanatlar,Da Vinci & Fine Art,https://storage.googleapis.com/myway-3fe75.firebasestorage.app/cities/milano/son_aksam_yemegi_lultima_cena.jpg,"Son Akşam Yemeği (L'Ultima Cena), Pinacoteca di Brera, Basilica di Sant'Ambrogio, Chiesa di San Maurizio",4
Milan,Moda & Lüks,Fashion & Luxury,https://storage.googleapis.com/myway-3fe75.firebasestorage.app/cities/milano/quadrilatero_della_moda.jpg,"Quadrilatero della Moda, Galleria Vittorio Emanuele II, La Rinascente, Corso Como",4
Milan,Navigli & Gece Hayatı,Navigli & Nightlife,https://storage.googleapis.com/myway-3fe75.firebasestorage.app/cities/milano/navigli.jpg,"Navigli, Darsena, Mercato Metropolitano, Porta Ticinese",4
Milan,Modern Milano,Modern Milan,https://storage.googleapis.com/myway-3fe75.firebasestorage.app/cities/milano/bosco_verticale.jpg,"Bosco Verticale, Porta Nuova, Piazza Gae Aulenti, Fondazione Prada (Bar Luce)",4
Milan,Milano Lezzetleri,Milanese Flavors,https://storage.googleapis.com/myway-3fe75.firebasestorage.app/cities/milano/luini.jpg,"Luini, Pasticceria Marchesi, Eataly Milano Smeraldo, Terrazza Aperol",4
Venice,Venedik Klasikleri,Venice Essentials,https://storage.googleapis.com/myway-3fe75.firebasestorage.app/cities/venedik/san_marco_meydani.jpg,"San Marco Meydanı, San Marco Bazilikası, Rialto Köprüsü, Dükler Sarayı (Palazzo Ducale), İç Çekiş Köprüsü",5
Venice,Murano & Burano Adaları,Murano & Burano Islands,https://storage.googleapis.com/myway-3fe75.firebasestorage.app/cities/venedik/murano_adasi.jpg,"Murano Adası, Burano Adası, Torcello Adası",3
Venice,Romantik Venedik,Romantic Venice,https://storage.googleapis.com/myway-3fe75.firebasestorage.app/cities/venedik/gondol_turu.jpg,"Gondol Turu, Caffè Florian, Accademia Köprüsü, Santa Maria della Salute",4
Venice,Sanat & Hazineler,Art & Treasures,https://storage.googleapis.com/myway-3fe75.firebasestorage.app/cities/venedik/gallerie_dellaccademia.jpg,"Gallerie dell'Accademia, Peggy Guggenheim Koleksiyonu, Teatro La Fenice, Scuola Grande di San Rocco",4
Venice,Gizli Venedik,Hidden Venice,https://storage.googleapis.com/myway-3fe75.firebasestorage.app/cities/venedik/libreria_acqua_alta.jpg,"Libreria Acqua Alta, Cannaregio, Yahudi Getto, Scala Contarini del Bovolo, Dorsoduro",5
Venice,Cicchetti & Şarap,Cicchetti & Wine,https://storage.googleapis.com/myway-3fe75.firebasestorage.app/cities/venedik/rialto_pazari.jpg,"Rialto Pazarı, Cicchetti & Bàcari, Campo Santa Margherita",3
Zurich,Zürih Klasikleri,Zurich Essentials,https://upload.wikimedia.org/wikipedia/commons/thumb/c/c5/Z%C3%BCrich_Switzerland-Grossm%C3%BCnster-01.jpg/800px-Z%C3%BCrich_Switzerland-Grossm%C3%BCnster-01.jpg,"Grossmünster, Fraumünster, Cabaret Voltaire (Dada House), Café & Conditorei 1842, Lindenhof",5
Zurich,Lüks & Çikolata,Luxury & Chocolate,https://storage.googleapis.com/myway-3fe75.firebasestorage.app/cities/zurih/bahnhofstrasse.jpg,"Bahnhofstrasse, Lindt Home of Chocolate, Confiserie Sprüngli, Paradeplatz, Zeughauskeller",5
Zurich,Modern Batı Zürih,Urban & Trendy West,https://storage.googleapis.com/myway-3fe75.firebasestorage.app/cities/zurih/zurich_west_im_viadukt.jpg,"Im Viadukt, Frau Gerolds Garten, Gerold Cuchi (Umbrella Street), Freitag Flagship Store, Markthalle",5
Zurich,Sanat & Kültür,Art & Culture,https://storage.googleapis.com/myway-3fe75.firebasestorage.app/cities/zurih/kunsthaus_zurich.jpg,"Kunsthaus Zürich, Swiss National Museum, Zürich Opera House, Pavillon Le Corbusier, Rietberg Museum",5
Zurich,Göl & Dağ,Lake & Mountain,https://storage.googleapis.com/myway-3fe75.firebasestorage.app/cities/zurih/lake_zurich_zurichsee.jpg,"Lake Zurich Promenade, Bürkliplatz, Uetliberg Mountain, China Garden, Seebad Enge",5
Zurich,Futbol Tarihi,Football History,https://storage.googleapis.com/myway-3fe75.firebasestorage.app/cities/zurih/fifa_world_football_museum.jpg,"FIFA World Football Museum, Sportsbar 1904, Enge",3
Geneva,Barışın Başkenti,Capital of Peace,https://upload.wikimedia.org/wikipedia/commons/thumb/e/e3/Palais_des_Nations_Geneva.jpg/800px-Palais_des_Nations_Geneva.jpg,"Palais des Nations, Ariana Park, Red Cross Museum, Broken Chair, Café du Soleil",5
Geneva,Bilim & İnovasyon,Science & Innovation,https://upload.wikimedia.org/wikipedia/commons/thumb/d/d4/Globe_of_Science_and_Innovation_CERN.jpg/800px-Globe_of_Science_and_Innovation_CERN.jpg,"CERN Globe, Microcosm, Tram 18 Experience, Meyrin Centre, Bois de la Bâtie",5
Geneva,Eski & Yeni Cenevre,Geneva Old & New,https://upload.wikimedia.org/wikipedia/commons/thumb/0/02/Jet_d%27eau_de_Gen%C3%A8ve_%28swiss%29.jpg/800px-Jet_d%27eau_de_Gen%C3%A8ve_%28swiss%29.jpg,"Jet d'Eau, Jardin Anglais, St. Pierre Cathedral, Maison Tavel, Restaurant Les Armures",5
Geneva,Saatçilik & Lüks,Watchmaking & Luxury,https://storage.googleapis.com/myway-3fe75.firebasestorage.app/cities/cenevre/patek_philippe_museum.jpg,"Patek Philippe Museum, Rue du Rhône, Manor Genève, Confiserie Arn, L'Horloge Fleurie",5
Geneva,Cenevre Gölü Keyfi,Lake Geneva Relax,https://storage.googleapis.com/myway-3fe75.firebasestorage.app/cities/cenevre/bains_des_paquis.jpg,"Bains des Pâquis, Baby Plage, La Potinière, Perle du Lac, Jardin Botanique",5
Geneva,Bohem Carouge,Bohemian Carouge,https://storage.googleapis.com/myway-3fe75.firebasestorage.app/cities/strazburg/place-du-marche-aux-cochons-de-lait.jpg,"Place du Marché, Cinéma Bio, Boulangerie Wolfisberg, Rue Saint-Joseph, Carouge Museum",5
Lucerne,Luzern Klasikleri,Lucerne Essentials,https://upload.wikimedia.org/wikipedia/commons/thumb/e/e4/Luzern_Kapellbruecke.jpg/800px-Luzern_Kapellbruecke.jpg,"Kapellbrücke, Water Tower, Rathaus Brauerei, Jesuit Church, Bachmann Bakery",5
Lucerne,Şehir Surları & Manzara,City Walls & Views,https://storage.googleapis.com/myway-3fe75.firebasestorage.app/cities/hongkong/mu.jpg,"Museggmauer, Zyt Tower, Männleturm, Restaurant Lapin, Bourbaki Panorama",5
Lucerne,Ulaşım Müzesi & Plaj,Transport Museum & Beach,https://storage.googleapis.com/myway-3fe75.firebasestorage.app/cities/lucerne/swiss_museum_of_transport.jpg,"Swiss Museum of Transport, Planetarium, Lido Luzern, Verkehrshaus Filmtheatre, Hans Erni Museum",5
Lucerne,Pilatus Altın Tur,Pilatus Golden Round,https://storage.googleapis.com/myway-3fe75.firebasestorage.app/cities/marsilya/f.jpg,"Kriens Gondola, Fräkmüntegg, Pilatus Kulm, Hotel Pilatus-Kulm Restaurant, Alpnachstad",5
Lucerne,Göl Kültürü & Kafe,Lake Culture & Cafe,https://storage.googleapis.com/myway-3fe75.firebasestorage.app/cities/lucerne/kkl_luzern.jpg,"KKL Luzern, Inseli Park, World Café, Rosengart Collection, Lake Promenade",5
Lucerne,Sanat & Müzik Yürüyüşü,Art & Music Walk,https://storage.googleapis.com/myway-3fe75.firebasestorage.app/cities/lucerne/rosengart_collection.jpg,"Rosengart Collection, Richard Wagner Museum, KKL Foyer, Bourbaki Panorama, Alpineum",5
Stockholm,Stockholm Eski Şehir,Stockholm Old Town,https://upload.wikimedia.org/wikipedia/commons/thumb/5/5a/Stortorget_Stockholm_2016.jpg/800px-Stortorget_Stockholm_2016.jpg,"Gamla Stan, Stockholm Sarayı, Stortorget, Nobel Ödülü Müzesi, Riddarholmen Kilisesi",5
Stockholm,Djurgården Müzeleri,Djurgården Museums,https://upload.wikimedia.org/wikipedia/commons/thumb/c/cd/Vasa_ship_stern.jpg/800px-Vasa_ship_stern.jpg,"Vasa Müzesi, Skansen Açık Hava Müzesi, Abba The Museum, Nordiska Müzesi",4
Stockholm,Metro Sanat Galerisi,Metro Art Gallery,https://upload.wikimedia.org/wikipedia/commons/thumb/4/44/T-Centralen_metro_station_Stockholm_2016_01.jpg/800px-T-Centralen_metro_station_Stockholm_2016_01.jpg,"T-Centralen Metro İstasyonu, Solna Centrum Metro İstasyonu, Kungsträdgården Metro İstasyonu, Stadion Metro İstasyonu",4
Stockholm,Manzara & Fotoğraf,Views & Photography,https://storage.googleapis.com/myway-3fe75.firebasestorage.app/cities/san_sebastian/ayuntamiento-de-san-sebastian.jpg,"Stockholm City Hall (Stadshuset), Fotografiska Museum, Monteliusvägen Panoramic Path, Fjällgatan Lookout, Skinnarviksberget",5
Stockholm,Takimada Macerası,Archipelago Adventure,https://storage.googleapis.com/myway-3fe75.firebasestorage.app/cities/marsilya/f.jpg,"Stockholm Archipelago Boat Tour, Fjäderholmarna Islands, Vaxholm Fortress, Grinda Island, Sandhamn",5
Stockholm,Kraliyet Drottningholm,Royal Drottningholm,https://storage.googleapis.com/myway-3fe75.firebasestorage.app/cities/marsilya/kin.jpg,"Drottningholm Palace, Chinese Pavilion, Drottningholm Court Theatre, Royal Palace Gardens, Kina Slott",5
HongKong,HK Silueti & Zirve,HK Skyline & Peak,https://storage.googleapis.com/myway-3fe75.firebasestorage.app/cities/hongkong/victoria_peak.jpg,"Victoria Peak, Star Ferry, Avenue of Stars, Symphony of Lights, Sky100",5
HongKong,Tapınaklar & Gelenek,Temples & Tradition,https://storage.googleapis.com/myway-3fe75.firebasestorage.app/cities/hongkong/man_mo_temple.jpg,"Man Mo Temple, Wong Tai Sin Temple, Chi Lin Nunnery, Nan Lian Garden, Ten Thousand Buddhas Monastery",5
HongKong,Şehir Ormanı & Pazarlar,Urban Jungle & Markets,https://storage.googleapis.com/myway-3fe75.firebasestorage.app/cities/hongkong/mong_kok.jpg,"Mong Kok (Ladies Market), Temple Street Night Market, Central-Mid-Levels Escalator, Choi Hung Estate, Sneaker Street",5
HongKong,Büyük Buda & Lantau,Big Buddha & Lantau,https://storage.googleapis.com/myway-3fe75.firebasestorage.app/cities/hongkong/big_buddha.jpg,"Tian Tan Big Buddha, Po Lin Monastery, Ngong Ping 360 Cable Car, Tai O Fishing Village, Wisdom Path",5
HongKong,Dim Sum & Lezzetler,Dim Sum & Delights,https://storage.googleapis.com/myway-3fe75.firebasestorage.app/cities/hongkong/tim_ho_wan.jpg,"Tim Ho Wan (Sham Shui Po), Kam's Roast Goose, Lan Fong Yuen (Milk Tea), Tai Cheong Bakery, Yat Lok Roast Goose",5
HongKong,Tramvay & Feribot Nostaljisi,Tram & Ferry Nostalgia,https://storage.googleapis.com/myway-3fe75.firebasestorage.app/cities/hongkong/hong_kong_tramway.jpg,"Hong Kong Tramway (Ding Ding), Star Ferry (Tsim Sha Tsui), Peak Tram, Central Ferry Pier, Hong Kong Observation Wheel",5
Seoul,Kraliyet Seul'u,Royal Seoul,https://storage.googleapis.com/myway-3fe75.firebasestorage.app/cities/seul/gyeongbokgung_sarayi.jpg,"Gyeongbokgung Sarayı, Changdeokgung Palace & Secret Garden, Bukchon Hanok Köyü, Insadong Culture Street, Jogyesa Temple",5
Seoul,Fütüristik Seul,Futuristic Seoul,https://storage.googleapis.com/myway-3fe75.firebasestorage.app/cities/seul/dongdaemun_design_plaza.jpg,"Dongdaemun Design Plaza (DDP), Lotte World Tower (Seoul Sky), Starfield Library (COEX Mall), Banpo Bridge Moonlight Rainbow Fountain, Gangnam District",5
Seoul,Alışveriş & Gençlik,Shopping & Youth,https://storage.googleapis.com/myway-3fe75.firebasestorage.app/cities/seul/myeongdong_shopping_street.jpg,"Myeongdong Shopping Street, Hongdae (Hongik University Street), Hwayang-dong (Konkuk Univ), Ewha Womans University Area, Stylenanda Pink Hotel",5
Seoul,Kore Yemek Macerası,K-Food Adventure,https://storage.googleapis.com/myway-3fe75.firebasestorage.app/cities/seul/gwangjang_market.jpg,"Gwangjang Market (Mayak Kimbap), Myeongdong Kyoja, Myeongdong Street Food, Tosokchon Samgyetang (Chicken Soup), Sulbing (Bingsu Dessert)",5
Seoul,Panoramik Seul,Panoramic Seoul,https://storage.googleapis.com/myway-3fe75.firebasestorage.app/cities/seul/n_seoul_tower.jpg,"N Seoul Tower, Namsan Park & Cable Car, Hanyangdoseong (Ancient City Wall), Bugak Skyway, Cheonggyecheon Stream Walk",5
Seoul,Savaş & Barış,War & Peace,https://storage.googleapis.com/myway-3fe75.firebasestorage.app/cities/seul/war_memorial_of_korea.jpg,"War Memorial of Korea, Imjingak Resort (DMZ)",2
Nice,Promenade & Eski Şehir,Promenade & Old Town,https://storage.googleapis.com/myway-3fe75.firebasestorage.app/cities/nice/promenade_des_anglais.jpg,"Promenade des Anglais, Vieux Nice (Old Town), Cours Saleya Market, Colline du Château (Castle Hill), Tour Bellanda",5
Nice,Sanatın Ustaları,Masters of Art,https://storage.googleapis.com/myway-3fe75.firebasestorage.app/cities/nice/marc_chagall_national_museum.jpg,"Marc Chagall National Museum, Matisse Museum, Cimiez Monastery",3
Nice,Kraliyet & Rus İzleri,Royal & Russian,https://storage.googleapis.com/myway-3fe75.firebasestorage.app/cities/nice/russian_orthodox_cathedral.jpg,"Russian Orthodox Cathedral, Hotel Negresco, Villa Masséna Musée",3
Nice,Yeşil Nice,Green Nice,https://storage.googleapis.com/myway-3fe75.firebasestorage.app/cities/nice/phoenix_park_parc_phoenix.jpg,"Phoenix Park (Parc Phoenix), Promenade du Paillon, Jardin Albert 1er",3
Nice,Liman & Panorama,Port & Panorama,https://storage.googleapis.com/myway-3fe75.firebasestorage.app/cities/nice/port_lympia.jpg,"Port Lympia, Place Garibaldi, Coco Beach",3
Lyon,Eski Lyon & Traboule'lar,Vieux Lyon & Traboules,https://storage.googleapis.com/myway-3fe75.firebasestorage.app/cities/lyon/vieux_lyon_ronesans_avlulari.jpg,"Vieux Lyon (Rönesans Avluları), Traboules, Cathédrale Saint-Jean-Baptiste, Musée Cinéma et Miniature",4
Lyon,Fourvière & Roma Kalıntıları,Fourvière & Roman Ruins,https://storage.googleapis.com/myway-3fe75.firebasestorage.app/cities/lyon/basilica_of_notre_dame_de_fourviere.jpg,"Basilica of Notre-Dame de Fourvière, Théâtres Romains de Fourvière, Musée Gallo-Romain",3
Lyon,Gastronomi Başkenti,Capital of Gastronomy,https://storage.googleapis.com/myway-3fe75.firebasestorage.app/cities/lyon/les_halles_de_lyon_paul_bocuse.jpg,"Les Halles de Lyon Paul Bocuse, Bouchon Daniel & Denise, Café des Fédérations, François Pralus - Lyon Presqu'île",4
Lyon,Müzik & Nehirler,Music & Rivers,https://storage.googleapis.com/myway-3fe75.firebasestorage.app/cities/marsilya/musee_des_beaux_arts.jpg,"Musée des Beaux-Arts, Place des Terreaux, Place Bellecour, Musée des Confluences",4
Lyon,Boyalı Duvarlar & İpek,Painted Walls & Silk,https://storage.googleapis.com/myway-3fe75.firebasestorage.app/cities/lyon/croix_rousse.jpg,"Croix-Rousse, Mur des Canuts, La Fresque des Lyonnais",3
Lyon,Altın Baş Parkı,Golden Head Park,https://storage.googleapis.com/myway-3fe75.firebasestorage.app/cities/lyon/parc_de_la_tete_dor_gul_bahcesi.jpg,"Parc de la Tête d'Or (Gül Bahçesi), L'Institut Lumière",2
Marseille,Vieux Port & Tarih,Vieux Port & History,https://storage.googleapis.com/myway-3fe75.firebasestorage.app/cities/marsilya/vieux_port_old_port.jpg,"Vieux Port (Old Port), Notre-Dame de la Garde, Fort Saint-Jean, Abbaye Saint-Victor",4
Marseille,MuCEM & Le Panier,MuCEM & Le Panier,https://storage.googleapis.com/myway-3fe75.firebasestorage.app/cities/marsilya/mucem.jpg,"MuCEM, Le Panier, Cathédrale La Major, Les Terrasses du Port",4
Marseille,Calanques & Adalar,Calanques & Islands,https://storage.googleapis.com/myway-3fe75.firebasestorage.app/cities/marsilya/calanques_national_park.png,"Calanques National Park, Château d'If, Frioul Islands, Vallon des Auffes (Viyadük)",4
Marseille,Bohem Marsilya,Bohemian Marseille,https://storage.googleapis.com/myway-3fe75.firebasestorage.app/cities/marsilya/cours_julien.jpg,"Cours Julien, La Plaine, Savonnerie de la Licorne",3
Marseille,Corniche & Plajlar,Corniche & Beaches,https://storage.googleapis.com/myway-3fe75.firebasestorage.app/cities/marsilya/la_corniche_kennedy.jpg,"La Corniche Kennedy, Plage des Catalans, Vallon des Auffes (Viyadük)",3
Marseille,Modern Mimari,Modern Architecture,https://storage.googleapis.com/myway-3fe75.firebasestorage.app/cities/marsilya/cite_radieuse_le_corbusier.jpg,"Cité Radieuse (Le Corbusier), Orange Vélodrome",2
Dublin,Dublin Tarihi & Üni,Dublin History & Uni,https://storage.googleapis.com/myway-3fe75.firebasestorage.app/cities/dublin/trinity_college_long_room.jpg,"Trinity College - Long Room, Dublin Castle, Chester Beatty Library, Christ Church Cathedral, St. Patrick's Cathedral",5
Dublin,Guinness & Temple Bar,Guinness & Temple Bar,https://storage.googleapis.com/myway-3fe75.firebasestorage.app/cities/dublin/guinness_storehouse.jpg,"Guinness Storehouse, Temple Bar, Jameson Distillery Bow St., The Brazen Head, Irish Whiskey Museum",5
Dublin,İsyancılar & Göçmenler,Rebels & Emigrants,https://storage.googleapis.com/myway-3fe75.firebasestorage.app/cities/dublin/kilmainham_gaol.jpg,"Kilmainham Gaol, EPIC The Irish Emigration Museum, GPO Witness History, Jeanie Johnston Tall Ship, Famine Memorial",5
Dublin,Yeşil Dublin Parkları,Green Dublin Parks,https://storage.googleapis.com/myway-3fe75.firebasestorage.app/cities/dublin/st_stephens_green.jpg,"St. Stephen's Green, Phoenix Park (Deer Watching), Merrion Square, National Botanic Gardens, Iveagh Gardens",5
Dublin,Müzik & Folklor,Music & Folklore,https://storage.googleapis.com/myway-3fe75.firebasestorage.app/cities/dublin/the_cobblestone.jpg,"The Cobblestone, The Stag's Head, O'Donoghue's, Whelands",4
Dublin,Howth Sahil Yürüyüşü,Howth Coastal Walk,https://storage.googleapis.com/myway-3fe75.firebasestorage.app/cities/dublin/howth.jpg,"Howth, Howth Cliff Walk, Howth Market",3
Antalya,Kaleiçi & Tarih,Kaleiçi & History,https://storage.googleapis.com/myway-3fe75.firebasestorage.app/cities/antalya/hadrian_kapisi_uc_kapilar.jpg,"Hadrian Kapısı (Üç Kapılar), Kaleiçi, Hıdırlık Kulesi, Mermerli Plajı, Vanilla Lounge, Yivli Minare",6
Antalya,Antik Kentler (Günübirlik),Ancient Cities (Day Trip),https://storage.googleapis.com/myway-3fe75.firebasestorage.app/cities/antalya/aspendos_antik_tiyatrosu.jpg,"Aspendos Antik Tiyatrosu, Perge Antik Kenti, Termessos Antik Kenti, Kurşunlu Şelalesi, Köprülü Kanyon",5
Antalya,Şelaleler & Doğa,Waterfalls & Nature,https://storage.googleapis.com/myway-3fe75.firebasestorage.app/cities/antalya/duden_selalesi_asagi.jpg,"Düden Şelalesi (Aşağı), Düden Parkı, Kurşunlu Şelalesi, Konyaaltı Plajı, The Land of Legends Theme Park",5
Antalya,Lara Sahili ve Alışveriş,Lara Coast & Shopping,https://storage.googleapis.com/myway-3fe75.firebasestorage.app/cities/antalya/lara_plaji.jpg,"Lara Plajı, TerraCity AVM, Falez Parkı, Eski Lara Caddesi, Lara Balıkçı Barınağı",5
Gaziantep,Gastronomi Başkenti,Gastronomy Capital,https://storage.googleapis.com/myway-3fe75.firebasestorage.app/cities/gaziantep/i_mam_çağdaş.jpg,"İmam Çağdaş, Koçak Baklava, Tahmis Kahvesi, Mutfak Sanatları Merkezi, Kebapçı Halil Usta, Orkide Pastanesi (Katmer)",6
Gaziantep,Zeugma & Tarih,Zeugma & History,https://storage.googleapis.com/myway-3fe75.firebasestorage.app/cities/gaziantep/zeugma_mozaik_müzesi.jpg,"Zeugma Mozaik Müzesi, Gaziantep Kalesi, Bakırcılar Çarşısı, Zincirli Bedesten, Hamam Müzesi, Gümrük Hanı",6
Gaziantep,Bakırcılar ve El Sanatları,Artisans & Bazaars,https://storage.googleapis.com/myway-3fe75.firebasestorage.app/cities/saraybosna/bakircilar_carsisi_kazandziluk.jpg,"Bakırcılar Çarşısı, Almacı Pazarı, Kutnu Kumaş Atölyeleri, Sedef Kakma Atölyesi, Naib Hamamı, Tarihi Gümrük Hanı",6
Cappadocia,Kırmızı Tur (Kuzey),Red Tour (North),https://storage.googleapis.com/myway-3fe75.firebasestorage.app/cities/kapadokya/goreme_acik_hava_muzesi.jpg,"Göreme Açık Hava Müzesi, Uçhisar Kalesi, Paşabağ Peribacaları, Devrent Vadisi, Avanos Çömlek Atölyesi, Dibek Restaurant",6
Cappadocia,Yeşil Tur (Güney),Green Tour (South),https://storage.googleapis.com/myway-3fe75.firebasestorage.app/cities/kapadokya/derinkuyu_yeralti_sehri.jpg,"Derinkuyu Yeraltı Şehri, Ihlara Vadisi, Selime Manastırı, Belisirma Köyü (Yemek), Güvercinlik Vadisi",5
Cappadocia,Balonlar & Manzara,Balloons & Views,https://storage.googleapis.com/myway-3fe75.firebasestorage.app/cities/kapadokya/ask_vadisi.jpg,"Aşk Vadisi (Love Valley), Kızılçukur Vadisi (Sunset Point), Ortahisar Kalesi, Galerie Icman (Carpet Shop), Asmalı Konak Museum",5
Belgrade,Belgrad Havası & Tarih,Belgrade Vibes & History,https://storage.googleapis.com/myway-3fe75.firebasestorage.app/cities/marsilya/f.jpg,"Kalemegdan Fortress, Knez Mihailova Street, Republic Square, Hotel Moskva (Cafe), Beton Hala (Riverside)",5
Belgrade,Bohem Skadarlija,Bohemian Skadarlija,https://storage.googleapis.com/myway-3fe75.firebasestorage.app/cities/belgrad/skadarlija.jpg,"Skadarlija Street, Dva Jelena (Two Deer), Tri Sesira, Bajloni Market, Red Bar",5
Belgrade,Tesla & Müzeler,Tesla & Museums,https://storage.googleapis.com/myway-3fe75.firebasestorage.app/cities/hongkong/mu.jpg,"Nikola Tesla Museum, Saint Sava Temple, National Museum of Serbia, Botanical Garden Jevremovac, Smokvica (Cafe)",5
Bologna,Kızıl Şehir,The Red City,https://storage.googleapis.com/myway-3fe75.firebasestorage.app/cities/bologna/piazza_maggiore.jpg,"Piazza Maggiore, Two Towers (Due Torri), San Petronio Basilica, Archiginnasio (Teatro Anatomico), Salumeria Simoni (Food)",5
Bologna,Şişman Bologna,La Grassa (The Fat),https://storage.googleapis.com/myway-3fe75.firebasestorage.app/cities/bologna/quadrilatero-eski-pazar.jpg,"Quadrilatero Market, Osteria dell'Orsa, Cremeria Santo Stefano, Mercato di Mezzo, Trattoria da Danio",5
Heidelberg,Kale & Eski Köprü,Castle & Old Bridge,https://storage.googleapis.com/myway-3fe75.firebasestorage.app/cities/heidelberg/heidelberg_castle.jpg,"Heidelberg Castle, Old Bridge (Karl Theodor Bridge), Market Square (Marktplatz), Church of the Holy Spirit, Vetter's Alt Heidelberger Brauhaus",5
Heidelberg,Filozoflar Yolu,Philosophers' Walk,https://storage.googleapis.com/myway-3fe75.firebasestorage.app/cities/heidelberg/philosophers__walk.jpg,"Philosophers' Walk, Heiligenberg, Thingstätte Amphitheatre, Neuburg Abbey",4
Kotor,Ortaçağ Eski Şehir,Medieval Old Town,https://storage.googleapis.com/myway-3fe75.firebasestorage.app/cities/kotor/kotor_old_town.jpg,"Kotor Old Town, Cathedral of Saint Tryphon, Cats Museum, Church of St. Luke, Bastion Restaurant, Kampana Tower",6
Kotor,San Giovanni Tırmanışı,San Giovanni Hike,https://storage.googleapis.com/myway-3fe75.firebasestorage.app/cities/kotor/castle_of_san_giovanni.jpg,"Castle of San Giovanni, Church of Our Lady of Remedy, Trail Cheese Shop, North Gate",4
Matera,Matera Sassi,Sassi di Matera,https://storage.googleapis.com/myway-3fe75.firebasestorage.app/cities/matera/church-of-san-pietro-barisano.jpg,"Sassi di Matera, Casa Grotta nei Sassi, Madonna de Idris, San Pietro Caveoso, Palombaro Lungo, Antica Matera (Restaurant)",6
Matera,Belvedere Manzaraları,Belvedere Views,https://storage.googleapis.com/myway-3fe75.firebasestorage.app/cities/matera/belvedere-luigi-guerricchio.jpg,"Belvedere di Murgia Timone, Parco della Murgia Materana, Pane e Pace (Bakery), MUSMA Museum",4
Oslo,Opera & Munch,Opera & Munch,https://storage.googleapis.com/myway-3fe75.firebasestorage.app/cities/oslo/oslo-opera-house.jpg,"Oslo Opera House, Munch Museum, Deichman Bjørvika, Salt (Sauna & Food), Vippa Food Court",5
Oslo,Vigeland Heykel Parkı,Vigeland Sculpture Park,https://storage.googleapis.com/myway-3fe75.firebasestorage.app/cities/marsilya/f.jpg,"Vigeland Sculpture Park, Frogner Park, Holmenkollen Ski Museum & Tower, Anne på landet (Cafe), The Emanuel Vigeland Museum",5
Rovaniemi,Noel Baba Köyü,Santa Claus Village,https://storage.googleapis.com/myway-3fe75.firebasestorage.app/cities/marsilya/f.jpg,"Santa Claus Village, Santa's Main Post Office, Husky Park, Santa's Salmon Place (Food), Reindeer Sleigh Ride",5
Rovaniemi,Arktikum & Doğa,Arktikum & Nature,https://storage.googleapis.com/myway-3fe75.firebasestorage.app/cities/hongkong/mu.jpg,"Arktikum Science Museum, Pilke Science Centre, Korundi House of Culture, Ounasvaara Winter Trail, Cafe & Bar 21",5
SanSebastian,La Concha & Manzara,La Concha & Views,https://storage.googleapis.com/myway-3fe75.firebasestorage.app/cities/san_sebastian/la_concha_beach.jpg,"La Concha Beach, Ondarreta Beach, Miramar Palace Gardens, Peine del Viento (Wind Comb), Monte Igueldo Funicular",5
SanSebastian,Pintxos Turu,Pintxos Tour,https://storage.googleapis.com/myway-3fe75.firebasestorage.app/cities/san_sebastian/parte_vieja__old_town_.jpg,"Parte Vieja (Old Town), La Viña (Cheesecake), Bar Zeruko, Borda Berri, Atari Gastroteka",5
Santorini,Oia Gün Batımı & Manzara,Oia Sunset & Views,https://storage.googleapis.com/myway-3fe75.firebasestorage.app/cities/santorini/oia_castle.jpg,"Oia Castle, Amoudi Bay (Fish Tavernas), Blue Domed Churches, Melenio Cafe, Atlantis Books",5
Santorini,Fira'dan Oia'ya Yürüyüş,Fira to Oia Hike,https://storage.googleapis.com/myway-3fe75.firebasestorage.app/cities/santorini/fira_-_oia_hike.jpg,"Fira, Skaros Rock, Imerovigli, Prophet Elias Church, Avocado Restaurant (Lunch Stop)",5
Santorini,Kızıl Plaj & Tarih,Red Beach & History,https://storage.googleapis.com/myway-3fe75.firebasestorage.app/cities/santorini/red_beach.jpg,"Red Beach, Akrotiri Archaeological Site, Perissa Beach (Black Sand), Santo Wines Winery",4
Sarajevo,Başçarşı & Eski Şehir,Baščaršija & Old Town,https://storage.googleapis.com/myway-3fe75.firebasestorage.app/cities/saraybosna/bascarsi.jpg,"Başçarşı, Sebilj (Sebil), Gazi Husrev-beg Mosque, Latin Bridge, Inat Kuca, Yellow Bastion (Sunset)",6
Sarajevo,Umut Tüneli,Tunnel of Hope,https://storage.googleapis.com/myway-3fe75.firebasestorage.app/cities/marsilya/f.jpg,"Tunnel of Hope, Galerija 11/07/95, War Childhood Museum, Sniper Alley (Drive-by)",4
Sintra,Pena & Mağribi Kalesi,Pena & Moorish Castle,https://storage.googleapis.com/myway-3fe75.firebasestorage.app/cities/sintra/pena_palace.jpg,"Pena Palace, Moorish Castle, Park of Pena, Chalet of the Countess of Edla",4
Sintra,Quinta da Regaleira,Quinta da Regaleira,https://storage.googleapis.com/myway-3fe75.firebasestorage.app/cities/sintra/quinta_da_regaleira.jpg,"Quinta da Regaleira (Initiation Well), Sintra National Palace, Piriquita (Pastries), Monserrate Palace",4
Strasbourg,Petite France & Katedral,Petite France & Cathedral,https://storage.googleapis.com/myway-3fe75.firebasestorage.app/cities/strazburg/petite_france.jpg,"Strasbourg Cathedral, Petite France, Ponts Couverts, Barrage Vauban, Maison Kammerzell",5
Strasbourg,Avrupa Bölgesi,European Quarter,https://storage.googleapis.com/myway-3fe75.firebasestorage.app/cities/paris/lorangerie.jpg,"European Parliament, Parc de l'Orangerie, Josephine Pavilion, Bowling de l'Orangerie",4
Tromso,Arktik Kapısı,Arctic Gateway,https://storage.googleapis.com/myway-3fe75.firebasestorage.app/cities/marsilya/f.jpg,"Arctic Cathedral, Fjellheisen Cable Car, Polar Museum, Polaria Aquarium, Mack Brewery (Ølhallen)",5
Tromso,Kuzey Işıkları Noktaları,Northern Lights Spots,https://storage.googleapis.com/myway-3fe75.firebasestorage.app/cities/marsilya/f.jpg,"Telegrafbukta Beach, Prestvannet Lake, Fjellheisen Viewpoint, Ersfjordbotn",4
Zermatt,Gornergrat Treni,Gornergrat Railway,https://storage.googleapis.com/myway-3fe75.firebasestorage.app/cities/zermatt/gornergrat_railway.jpg,"Gornergrat Railway, Riffelsee Lake, 3100 Kulmhotel, Riffelalp Resort, Matterhorn Viewpoint",5
Zermatt,Zermatt Köyü,Zermatt Village,https://storage.googleapis.com/myway-3fe75.firebasestorage.app/cities/zermatt/hinterdorf.jpg,"Hinterdorf (Old Barns), Matterhorn Museum, Mountaineers' Cemetery, Bahnhofstrasse, Fuchs Bakery",5
Bruges,Ortaçağ Masalı,Medieval Fairy Tale,https://storage.googleapis.com/myway-3fe75.firebasestorage.app/cities/brugge/belfry_of_bruges.jpg,"Markt Square, Belfry of Bruges, Minnewater Park, Rozenhoedkaai, Choco-Story Museum, De Halve Maan Brewery",6
Brussels,Grand Place & İkonlar,Grand Place & Icons,https://storage.googleapis.com/myway-3fe75.firebasestorage.app/cities/bruksel/grand-place.jpg,"Grand Place, Manneken Pis, Royal Gallery of Saint Hubert, Atomium (View), Maison Dandoy (Waffles), Delirium Café",6
Colmar,Küçük Venedik,Little Venice,https://storage.googleapis.com/myway-3fe75.firebasestorage.app/cities/londra/little_venice.jpg,"Little Venice (La Petite Venise), Pfister House, Saint Martin's Church, Covered Market (Marché Couvert), Maison des Têtes",5
Edinburgh,Kraliyet Yolu & Kale,Royal Mile & Castle,https://storage.googleapis.com/myway-3fe75.firebasestorage.app/cities/edinburgh/royal_mile.jpg,"Edinburgh Castle, The Royal Mile, St Giles' Cathedral, Victoria Street, Camera Obscura, Mary King's Close",6
Edinburgh,Arthur's Seat Yürüyüşü,Arthur's Seat Hike,https://storage.googleapis.com/myway-3fe75.firebasestorage.app/cities/edinburgh/arthurs_seat.jpg,"Arthur's Seat, Salisbury Crags, Holyrood Park, Duddingston Village, Sheep Heid Inn (Pub)",5
Giethoorn,Kuzeyin Venediği,Venice of the North,https://storage.googleapis.com/myway-3fe75.firebasestorage.app/cities/giethoorn/giethoorn_canals.jpg,"Giethoorn Canals, Museum Giethoorn 't Olde Maat Uus, Binnenpad (Walking Path), Smit's Paviljoen (Lunch)",4
Hallstatt,Alp Masalı,Alpine Fairytale,https://storage.googleapis.com/myway-3fe75.firebasestorage.app/cities/oslo/salt.jpg,"Hallstatt Skywalk (Welterbeblick), Salt Mine (Salzwelten), Market Square, Lake Hallstatt, Bone House (Beinhaus), Seehotel Grüner Baum",6
